ticket_id,flight_id,ticket_class,luggage_class,passenger_id,passenger_first_name,passenger_second_name,order_method,booking_date
0a04adbb-9c15-4f3a-a545-48c9c2b9e5e5,e6d392a7-ae86-4aa6-bc26-b2a3d21f23b5,First,Checked,ce91b5be-1827-45f8-a980-1c54fc563509,Ava,Miller,Agent,2025-04-15
199c4861-ef8d-4d26-b011-f1f2b4dfc993,cb574aaa-41e3-40ae-a63b-2fd102fe6946,Economy,Checked,85a50ab2-3ffd-49e2-b1f1-de697e8486aa,Liam,Williams,Agent,2025-03-26
4c303aa9-08cf-49ff-9f1e-90092cef09f5,c9b9a9f9-fd35-424a-82b2-ccb00b86f0d3,Business,CarryOn,c50d627f-5f4d-451a-b124-a68d20aa71d7,Olivia,Lopez,Online,2025-04-11
54513a7c-f168-40ec-8da6-52f90522a692,82df85e1-acae-4eeb-84de-f20e96af4cd2,First,CarryOn,44d21008-876d-4622-a1d2-a20b79787683,Isabella,Williams,Agent,2025-05-09
fb1af6c8-67a1-46e2-a571-2cc84b723d2e,e1b44178-512b-4bd3-ac4c-3ac2a83af6f1,Economy,CarryOn,223c049c-4b88-4262-9073-a6ae258253e6,Mia,Lopez,Agent,2025-04-30
960b6758-425c-416b-a51f-4f4ac3c5beff,e6c570c2-b4f8-464f-9d8a-d6b9d0e14509,Economy,None,0ae80bf4-a1a3-411d-9ea9-c175d087bdd9,Olivia,Rodriguez,Mobile,2025-04-18
a5f5d941-b128-4190-85bb-c0cea56d8ce9,b8d3ade9-3d17-4008-a50b-3971ffa38149,Business,None,2a32dd1b-056c-4ab8-98a4-41d6fa785757,Liam,Garcia,Mobile,2025-05-10
e96bbe77-90db-4d4c-89eb-a8ba2f4ed4a2,220681ad-9667-44ac-a1a8-21549fb3ae2c,Economy,None,5f6559b2-8ecc-484c-88e8-92838b07cbb8,Ava,Martinez,Agent,2025-04-28
314d06d7-9b46-4f61-9f2b-06955d639263,fd5a6338-3243-4025-9bbc-e7462e4ac9b5,Business,CarryOn,bb373c45-73bb-40a4-acf3-59c1359f7af9,Liam,Smith,Agent,2025-06-03
0de0c6aa-f0fa-4b23-b586-30ea0cd1c39a,d29b7335-7c6a-49ff-8203-61365da909f8,Business,Checked,f6048103-f8ce-4c1f-a1fb-969083aef7d2,Noah,Hernandez,Mobile,2025-04-18
9778e199-3835-402e-85b4-ded464c18023,fd5a6338-3243-4025-9bbc-e7462e4ac9b5,Economy,None,69254460-7baa-4174-aa05-e780515ae187,Charlotte,Martinez,Agent,2025-03-16
a066d677-56a2-4d29-9a8e-00e2e57a6d51,9b8b3f27-1085-47c7-9ae9-ddbbd2eabef1,Business,Checked,d4949b81-cb2c-48b3-b0e0-e8e04b4b56e4,Liam,Williams,Online,2025-06-01
558f4b92-45c8-458e-80f7-875646c3d55e,220681ad-9667-44ac-a1a8-21549fb3ae2c,Business,None,57e10a36-297e-4df6-8a64-bc1511be6b48,William,Lopez,Online,2025-04-02
56051320-22d3-4975-9591-376a03928da3,d19ed7c8-f236-484c-b7bc-fdada16946f9,Economy,CarryOn,ac17a42d-c492-4069-ac3d-3175a61a5015,Ava,Brown,Agent,2025-04-12
06cc2bff-eb93-460a-b4a0-c70efea88f06,6b38b7e0-bfa4-40b2-aacf-1c275041f376,First,Checked,457e4daf-45c1-403f-8392-fd9c9b151119,Isabella,Johnson,Agent,2025-05-12
fb06fd4c-ba16-440e-abef-7a52aa845060,6b816703-8fae-4e61-bde9-0fc23de8b703,Business,CarryOn,8364a0dc-491c-49e2-922a-c70f6baeabe4,Oliver,Brown,Mobile,2025-03-16
df32f788-4fe0-492c-96a2-38138abca73e,df6f7ebd-e3e2-494a-8ede-74760cbdc7e7,Economy,None,221a54ea-43c0-4e1d-986a-b704eb5384ff,Liam,Garcia,Online,2025-03-09
79e9ab71-4925-4c09-8c56-06cfa1079036,c9b9a9f9-fd35-424a-82b2-ccb00b86f0d3,Economy,None,50530f1b-4e75-41e5-9171-a650eb76c444,Mia,Hernandez,Agent,2025-05-17
d49cf561-038a-4b96-a7e4-ba99a276d77b,a771db9f-62f5-4514-a7c4-8552464e1721,Business,Checked,7e5ac75b-5706-4ff3-8468-08b7946afc9d,Oliver,Hernandez,Agent,2025-04-15
1ffd8025-928b-4132-ba57-a54578da3285,6ca7602a-ec18-4066-9062-d2c93fdc1f36,First,Checked,c523190a-3caa-4025-8bc6-b7349acb581d,James,Garcia,Agent,2025-04-14
5d7c0df5-8fef-4ac5-85d8-176ef3bb31ca,e8bc9b4d-fa91-4b76-b265-094d6c5fbb34,First,Checked,c466ba40-2d96-4cf8-a9b7-fee1ef3e4299,Liam,Johnson,Agent,2025-04-18
4834136d-a145-477c-83f3-29f4a136cd5a,4f860039-9fa0-459f-9c24-89125d4cc07f,Economy,CarryOn,285f83c4-a9ac-4473-b6cc-aece1b6f4753,Oliver,Hernandez,Agent,2025-05-17
a9ae3d7e-fb1e-42f9-9995-b0f38b6fc2eb,7d027a32-47f2-4fdd-bb6e-2c7092564a53,Business,CarryOn,846b0eb7-d2ff-428f-a670-75c5235ee95c,Olivia,Garcia,Mobile,2025-05-13
27f7ed03-18dc-4578-9523-717d126e90ab,e70371ed-92ec-40f8-b910-fcb1f52ff9c0,Business,Checked,fe40d40c-910f-49e4-bc7c-5eaf1b946eac,William,Martinez,Mobile,2025-05-25
53db87ce-9e13-474c-84f3-7ab0fb3b5f4e,14c521aa-75b7-4fb3-96b5-cc63b4999885,Economy,None,c51f1392-32c9-4e5d-a5dc-197aeb0ff290,James,Rodriguez,Mobile,2025-04-23
0588837a-7c52-4303-ba6d-2c68686498a9,bec5bf67-763e-4387-b891-bbc525087702,Business,None,a11a6bc3-940b-4844-befc-e70830d422d6,Noah,Hernandez,Agent,2025-05-17
fc463084-d624-466c-85b3-c2ae5e7a131a,115f091a-aba2-4c4b-b5ba-4701ddd79b64,Economy,CarryOn,685c256d-c2b4-42ae-a36e-fec6a29b1f19,Isabella,Garcia,Agent,2025-05-30
73f4d5e0-6459-493e-829a-6376528f521c,a8089d87-82e8-45dc-bd7f-130c8cd3257b,Business,Checked,136a405d-2e6a-432c-9af8-e98e97642296,Oliver,Miller,Online,2025-05-29
e0523974-72a0-48de-abc0-93a1d0b3e12a,5427b027-aee5-4649-93bc-666bcd494a6b,First,CarryOn,04648e3c-ced6-455b-a838-2bc21c365b2a,Elijah,Johnson,Mobile,2025-04-14
c83faf74-7622-4f53-b508-c777405dd552,b8d3ade9-3d17-4008-a50b-3971ffa38149,First,Checked,a0df31ad-b6ba-4c71-8ec8-65c09ebb3d2e,Olivia,Lopez,Online,2025-05-21
31af5c36-a97d-4666-aef3-c8c5e0eff93e,a5915040-a3b9-4bb8-8e61-df7e1a689822,First,CarryOn,af83bf02-05c2-4afc-8f1a-c4275a0585fd,James,Lopez,Agent,2025-04-05
4f8bc055-9ad2-4c0b-bc44-9d7e1a5c9465,14114fcb-c0ba-4243-97f0-66a726de298f,First,None,a2b88537-db42-4d8f-97d0-58e4a24cd9c0,Noah,Lopez,Mobile,2025-05-26
e7484351-8b00-4982-acbe-82aa72c34d74,4a03034b-9373-4968-a4da-bd0a5af182a3,Business,CarryOn,ace03800-2fc6-4f30-be44-af127a5002f5,Benjamin,Miller,Mobile,2025-04-11
22f9b138-c757-415a-8508-fcbc9d3eb993,ced73de7-a48e-496c-ae7c-96bed211a801,First,None,0c501ece-f9c1-4392-893e-a37af0c57aa2,Ava,Rodriguez,Online,2025-04-26
6c508f75-ae7b-41ed-8c06-cbaeadde16ca,d19ed7c8-f236-484c-b7bc-fdada16946f9,Economy,None,dabac421-6148-44dd-beea-a5ca03e1444e,Ava,Smith,Mobile,2025-04-01
95cc62fe-8477-414d-b9b0-a428bb006282,e1b44178-512b-4bd3-ac4c-3ac2a83af6f1,First,Checked,4fada2e9-7371-49e3-9231-ed675aad7fe0,Olivia,Garcia,Mobile,2025-04-07
e80928f8-ee80-46c8-b2d0-cae1959dd1f6,220681ad-9667-44ac-a1a8-21549fb3ae2c,First,CarryOn,abd8cb07-09ef-47c1-be7f-0cc8ff703591,Olivia,Garcia,Mobile,2025-04-01
97b8f20d-f277-4816-a9f0-cfc7c9688a9e,e6d392a7-ae86-4aa6-bc26-b2a3d21f23b5,Business,Checked,d193a0e1-07dc-408b-a8f4-1ad9dc2e97c4,Charlotte,Rodriguez,Online,2025-04-19
cb75a7de-50e5-4831-b7b6-e71b5c287b87,16b3fba3-b0c8-4d40-a88e-b3a957aa6bc5,Economy,Checked,96c25a1e-6b52-4bf5-9253-7c9636ef35fe,Noah,Hernandez,Mobile,2025-06-01
eb5fe060-e4ee-4a05-8239-d0ba5f7402a5,767ac8b0-dd5a-43cc-a386-170acf210c72,Economy,None,eb2f6ce4-f630-4155-8f9a-8f75f76bd5db,Charlotte,Rodriguez,Agent,2025-03-11
7ba66be6-47e4-40fd-91b2-8c7627e50a96,5427b027-aee5-4649-93bc-666bcd494a6b,First,None,a44ee9fd-14b4-437d-8f8c-240c36ff7307,Elijah,Lopez,Agent,2025-03-30
c79847c0-9d04-4dd2-8d40-0f1373d3b6a6,5427b027-aee5-4649-93bc-666bcd494a6b,First,CarryOn,7a0e3c7b-fdf6-4f91-a7d0-a387fbac281b,Charlotte,Hernandez,Agent,2025-03-28
700f4dfa-ba6c-474c-ba2f-084fdac28f57,4f860039-9fa0-459f-9c24-89125d4cc07f,Economy,CarryOn,c816588a-fa0c-4e23-8805-b33e02331cf7,Benjamin,Brown,Mobile,2025-05-15
be90c9be-9e9a-4eea-8e6f-f148e00c5abf,16b3fba3-b0c8-4d40-a88e-b3a957aa6bc5,First,CarryOn,1c98fb88-ca5d-4b37-a46f-9ec20075f2d2,Ava,Hernandez,Mobile,2025-04-10
02b476e5-8a3d-4380-9ab2-a92514492c7a,6ca7602a-ec18-4066-9062-d2c93fdc1f36,Economy,Checked,f50922dc-2aac-46b3-a92a-953cf65f42fc,James,Brown,Mobile,2025-04-08
0337ef4e-90e0-458b-af96-369daafe165f,bab578e6-0fec-4b39-8ec9-2fd3ed37f8fc,Economy,None,7122f576-2a48-45dc-87cc-2c86ada01590,Elijah,Davis,Mobile,2025-03-10
069a8c09-7d87-47ac-8e63-c6a3a07af02a,6b816703-8fae-4e61-bde9-0fc23de8b703,Business,Checked,d6a182e7-ae1e-45b7-a09c-3fd96fb64f1f,Olivia,Garcia,Agent,2025-04-15
40107248-a684-4f82-8800-31b0e8303d5a,220681ad-9667-44ac-a1a8-21549fb3ae2c,First,Checked,c95c102c-9244-40db-a609-088b001b9507,James,Jones,Agent,2025-04-19
86d953c9-1b42-4750-806e-de58181ba044,d29b7335-7c6a-49ff-8203-61365da909f8,First,CarryOn,f8277819-e922-4497-af8e-e8ee5dfc8233,Oliver,Miller,Mobile,2025-05-10
483b4c38-737c-4ce5-83c7-aab61c014245,d19ed7c8-f236-484c-b7bc-fdada16946f9,First,CarryOn,86bf0e71-37bd-4ece-b631-0f2053d5590e,Oliver,Johnson,Agent,2025-03-28
bcbaf620-3cdd-4ac5-ac9f-49b84fd00042,e1b44178-512b-4bd3-ac4c-3ac2a83af6f1,First,CarryOn,2532d45b-d9f4-499e-b041-730ea0917384,James,Lopez,Agent,2025-04-23
7a4a0b3e-8aa8-4726-90d8-6ea15212d620,3ab24584-c8ad-45e9-9939-5fdbc393aa04,Economy,CarryOn,865bcfc3-eafd-4204-b5e5-a4832965e34f,Emma,Smith,Mobile,2025-05-19
91e91e6a-30a7-4f66-aafb-68d759935d1f,b618f886-72f5-4883-9d13-bb996d4f6173,Economy,None,42b697cd-2409-4bf3-9425-13b8c2febfd9,Sophia,Johnson,Online,2025-05-29
f1fdb1cf-a06f-496e-b047-43f1a1b1ae80,a5915040-a3b9-4bb8-8e61-df7e1a689822,Business,None,2f399169-56af-4909-beb3-54dd02ed0794,Noah,Williams,Agent,2025-04-13
564531dc-fce7-4d4b-8208-3b8c833fc059,d29b7335-7c6a-49ff-8203-61365da909f8,Economy,Checked,247d765a-bc66-40a3-9453-7b7e918ea23f,Oliver,Miller,Mobile,2025-05-24
023a3486-e610-4e2e-8318-701dd8ab22fa,ced73de7-a48e-496c-ae7c-96bed211a801,Economy,Checked,22622e1c-6f80-4df6-805a-afcae4b51d68,Elijah,Williams,Agent,2025-05-25
08f0229b-74ff-41a7-9eec-4bb7594ba397,6aeacce9-a84f-40e3-a077-74295eee3fcb,Business,Checked,193aa79c-5a26-4fed-83e3-cf51ed64b5ce,Emma,Hernandez,Online,2025-05-14
2e191460-0cb6-47f3-b893-3bf6be444825,a8089d87-82e8-45dc-bd7f-130c8cd3257b,First,None,8b1b0a73-d392-466c-ac77-8d42299e29a9,Elijah,Garcia,Agent,2025-05-11
c268eb6f-957b-4d97-8404-739b81500fd6,df6f7ebd-e3e2-494a-8ede-74760cbdc7e7,Business,Checked,3c697f01-e422-402a-8f22-9643b75b6da1,Liam,Hernandez,Online,2025-04-29
42676233-ebf4-4607-88ea-c9ae5c6964d0,c4f58cb3-9732-4746-a12e-20e520f7c42b,Economy,Checked,0ca4fe7f-925e-4e67-9ecc-cdd5012eb9f8,Mia,Brown,Agent,2025-03-23
407e4b06-5829-4fe6-9d83-470059bd2dab,c7029490-de3c-4496-93c4-401c18c29f3f,Business,None,2fe8cd96-84d8-465f-9435-7892fefb1657,Charlotte,Lopez,Agent,2025-04-28
28e38387-16e3-4622-99e4-6f4328fa9f66,c7029490-de3c-4496-93c4-401c18c29f3f,Economy,None,cdc93a33-a937-4d48-bc39-4f9d4655690c,Liam,Williams,Agent,2025-05-03
c3783244-776c-42ba-9a44-2444e54710aa,c9b9a9f9-fd35-424a-82b2-ccb00b86f0d3,Business,Checked,24cf90b2-c7c4-4fe0-82e8-10619c5f1d8f,Liam,Miller,Online,2025-05-19
7f13e191-c909-4f6b-9b24-e59e7d83b641,6ca7602a-ec18-4066-9062-d2c93fdc1f36,Economy,CarryOn,c0bb5a2e-43e7-4251-b663-c321dc10d470,William,Martinez,Mobile,2025-05-01
1a8adefd-5045-4841-ace0-840ff2cf5f95,cb574aaa-41e3-40ae-a63b-2fd102fe6946,First,CarryOn,dd8a93c5-162b-4ec9-a2a9-7c914ccd709e,Ava,Miller,Online,2025-04-19
8a8bd934-56fe-4a9d-b016-2e2f22591010,56d69c4c-5752-4512-9385-a51e2aa748bb,Economy,Checked,db3621d9-0594-4745-9912-7eda8f7e1ec5,Isabella,Johnson,Agent,2025-04-12
2078e3e9-94b1-4dfd-96fd-8ae2dc814871,56d69c4c-5752-4512-9385-a51e2aa748bb,Business,Checked,71c3b86d-96f0-4e20-9463-fc1b0c6cc7ff,Sophia,Smith,Agent,2025-05-17
9e4bbac9-7c58-4dee-a296-39697d70cbd1,14c521aa-75b7-4fb3-96b5-cc63b4999885,Economy,Checked,a8619123-2c33-4585-b609-2de8afb9b981,Elijah,Martinez,Mobile,2025-03-27
a7b1bec9-9974-4067-84a3-8e19db3eabee,a5915040-a3b9-4bb8-8e61-df7e1a689822,Economy,Checked,a449058c-8b15-4ed9-beeb-e6dd21fbee46,Emma,Johnson,Online,2025-05-30
3174d323-00d6-4586-bfcd-a22660259835,fe3b3edd-3dc1-4940-af54-73cce698e475,Economy,Checked,fb6da6e9-2b05-4149-8205-c0810cb2feba,Elijah,Miller,Online,2025-06-04
1f19309a-85f5-4bc2-a858-8efa9e7f79c6,115f091a-aba2-4c4b-b5ba-4701ddd79b64,Economy,Checked,8ab40af5-0e39-489a-8d4d-0e52defb55e9,Charlotte,Smith,Online,2025-04-19
7bfbcc72-8e56-4a64-bcd1-2e3abfdd4965,15d63eae-bb38-4d8a-be13-22f0c6f1a1c4,First,Checked,8a7ac3ee-d8bc-45bb-86af-c8f57ea5421c,Isabella,Garcia,Online,2025-04-21
4f98c9b6-d429-4964-816b-9919805f7e3e,220681ad-9667-44ac-a1a8-21549fb3ae2c,Economy,Checked,f56316bb-a7d6-4e81-9baa-b01ce7f78323,Noah,Martinez,Agent,2025-04-11
4acc842a-3ad7-42ad-830c-750f669e3a89,379844dd-a615-4ab1-95e2-165303c12340,Economy,Checked,cd2df312-1662-4bcf-9b71-17946c018ca1,Olivia,Miller,Agent,2025-05-30
8996fa76-ff77-4d71-a396-1937662507fe,fd5a6338-3243-4025-9bbc-e7462e4ac9b5,First,None,d16a9370-58db-494e-9523-55d14d304540,Benjamin,Hernandez,Online,2025-04-22
cc0d11ea-7fe0-4cb3-976c-717bf6d75346,14c521aa-75b7-4fb3-96b5-cc63b4999885,Economy,CarryOn,405b8b30-2b71-443c-8685-3f0520633917,Charlotte,Brown,Online,2025-04-16
0d771ef7-1039-49a6-b5fa-6299cf9e36e0,64d8445b-478c-4f87-ac09-fcbbbcee3734,Economy,Checked,0d3b7e94-8ce7-414a-b1c6-b163dc635bb2,Liam,Rodriguez,Agent,2025-05-28
f4fc8010-d144-4725-9257-61f95eeac50b,e1b44178-512b-4bd3-ac4c-3ac2a83af6f1,Economy,None,b9ada0b6-543c-4068-9117-1860f7947878,Liam,Miller,Mobile,2025-04-06
6080d347-6ea3-4a8b-b0a3-e338b95cfaed,a771db9f-62f5-4514-a7c4-8552464e1721,Business,CarryOn,e6b9e204-9233-4afd-a901-6acbc79b93a4,Sophia,Williams,Agent,2025-04-14
0cedde47-715c-4659-86c7-5551b1f25a5a,9b8b3f27-1085-47c7-9ae9-ddbbd2eabef1,Business,Checked,1c674cb7-7baf-4431-a3e4-f03a4f1a5571,Liam,Lopez,Online,2025-05-10
03cc1206-6856-4401-bcd2-c6a840100470,e8bc9b4d-fa91-4b76-b265-094d6c5fbb34,Economy,None,4cd0fc4a-3cce-4ed0-b660-cc3f8748c814,Isabella,Brown,Agent,2025-05-29
88340809-17fc-4727-99bf-17500266d61e,9b8b3f27-1085-47c7-9ae9-ddbbd2eabef1,Business,CarryOn,7e963162-2a6e-40c9-96ec-8fc7164c828b,Mia,Hernandez,Mobile,2025-03-17
22e6935e-efb2-4823-817e-7bd446dfff19,795f4702-ac77-41ca-95c8-d483c097582a,Business,None,e77edbc4-c167-4e02-bd60-bb3d77b8bd3b,William,Garcia,Mobile,2025-05-01
0a57874c-4da3-4416-ab0e-6b7d45ef4de4,e6c570c2-b4f8-464f-9d8a-d6b9d0e14509,First,Checked,4dfcface-39ec-4275-b121-1f7f9b95122d,Oliver,Davis,Agent,2025-05-24
00629055-049a-435f-8936-54c184d61e32,cb574aaa-41e3-40ae-a63b-2fd102fe6946,Business,None,4d75c3d6-0583-4918-ab9e-8ea22f6cf6e5,Olivia,Lopez,Agent,2025-05-11
212d782c-3147-444c-a1e9-cbdcda366dc3,e70371ed-92ec-40f8-b910-fcb1f52ff9c0,First,Checked,18c49b84-405c-48cc-9dcd-573e70506180,Oliver,Williams,Online,2025-04-16
c2ae7a33-eb96-44ce-a820-a37492b4d643,f7f849fd-468d-4e9e-bf0e-2d646f2c297d,Business,Checked,a8112185-fa6f-4c56-b51d-593a5d6fef3f,William,Smith,Online,2025-05-21
3ae19275-c731-4c1c-bdc4-f0780b3b22b4,6b816703-8fae-4e61-bde9-0fc23de8b703,Economy,None,00300840-df4f-43c9-872d-1f4002a77c63,Ava,Johnson,Online,2025-05-03
9345d42d-becb-4cba-8e8c-9e551e766443,16b3fba3-b0c8-4d40-a88e-b3a957aa6bc5,First,CarryOn,637a0992-a049-4144-a99a-e46a2cf452f8,Benjamin,Jones,Mobile,2025-05-19
fb1350ce-8f67-44d9-b0c8-c26f9d6db80c,220681ad-9667-44ac-a1a8-21549fb3ae2c,First,Checked,fa2428be-3eaf-4854-ae9f-02c369c2a6b9,Benjamin,Johnson,Agent,2025-04-04
627e5c7b-0cb6-4090-9f0b-2a2db24e9e5a,379844dd-a615-4ab1-95e2-165303c12340,Business,Checked,4a4ce8a8-f0c4-4b25-b119-42e3ae3c493c,William,Brown,Online,2025-05-08
73dabebd-e5c8-45ba-b48a-74e5974c74df,b8d3ade9-3d17-4008-a50b-3971ffa38149,Economy,Checked,15ff4f00-96c1-4048-911c-48989f7366a8,Benjamin,Garcia,Mobile,2025-05-05
3260453d-4a08-4250-a3e6-7cb6bb7b4603,6b816703-8fae-4e61-bde9-0fc23de8b703,Business,Checked,558f31ae-0a3b-4fb7-9ebf-454fca2a3a7c,Liam,Smith,Online,2025-04-19
6e3462fe-d692-434f-a85a-f2ceb6489276,16b3fba3-b0c8-4d40-a88e-b3a957aa6bc5,First,Checked,283149bb-ece2-4e58-a869-b4312f8df06a,Olivia,Hernandez,Online,2025-04-09
00b12bf9-23cf-4c02-9fb5-8473b4407c0b,15d63eae-bb38-4d8a-be13-22f0c6f1a1c4,Economy,None,8c31bb68-8dea-4a3d-8fb4-c155d26583a6,James,Johnson,Mobile,2025-03-25
9e3affe2-6b1e-47e1-8ea4-03e56a11375f,82df85e1-acae-4eeb-84de-f20e96af4cd2,Business,Checked,85d7741f-d699-46de-b1dd-8ad15a411de4,Olivia,Smith,Online,2025-06-05
b28f7e22-6be3-439d-b64e-972e2d2a794a,e8bc9b4d-fa91-4b76-b265-094d6c5fbb34,Business,CarryOn,6892add9-e3ef-4eab-8b5a-5836e7f6feae,Benjamin,Johnson,Online,2025-05-04
a7b81343-f4cb-45a0-86fb-1d5986a33d1b,379844dd-a615-4ab1-95e2-165303c12340,First,None,5c82f37d-0a1e-4193-8a31-c62737569840,Olivia,Davis,Mobile,2025-03-10
769a55eb-35fd-4189-b42b-346909e61f86,6b38b7e0-bfa4-40b2-aacf-1c275041f376,First,Checked,159df4e4-1161-4e60-b08b-1cd0b31a4ec3,William,Jones,Mobile,2025-05-23
44823517-98a1-4c94-8acc-2170478d4a24,08143808-7147-474d-83bd-c06cf99e4597,First,None,7718df9d-df83-4e59-94ca-0ddb62599456,Isabella,Davis,Agent,2025-04-21
90bfd472-0ce2-414c-9935-2e6107cdc0af,df6f7ebd-e3e2-494a-8ede-74760cbdc7e7,First,CarryOn,1c2adda9-884b-41d6-88b9-a7c1412039c8,Elijah,Jones,Mobile,2025-05-28
7c1d4fe6-be87-4730-a935-51c366c2acb4,4f860039-9fa0-459f-9c24-89125d4cc07f,Economy,None,c0c01701-b790-4894-8b01-b474ee76eda3,Noah,Rodriguez,Mobile,2025-03-25
4e8576bf-e165-4035-8d8c-549bdc23211b,6df1dce3-d325-4fd2-b643-cc4f4748a801,Business,CarryOn,cb76d5a5-8dd9-405e-b2a3-144110cdfe2f,Sophia,Hernandez,Agent,2025-03-22
3c3c274c-3754-4f00-8e39-361aad514d35,220681ad-9667-44ac-a1a8-21549fb3ae2c,Business,CarryOn,567143aa-6f7f-4c0c-9788-3ac8db3e10aa,Olivia,Johnson,Agent,2025-03-15
69219165-44d0-4b9b-9227-e63c572b1c09,14c521aa-75b7-4fb3-96b5-cc63b4999885,Business,Checked,dc83538e-b3e2-4cfc-8fce-4147313a3333,James,Hernandez,Mobile,2025-03-15
ec7b70f0-0d38-4332-bede-816f81e3f986,14114fcb-c0ba-4243-97f0-66a726de298f,Economy,CarryOn,42c70121-1272-4be9-880e-315d6e3bdf50,Olivia,Brown,Mobile,2025-04-15
43a3793c-08d2-4806-a781-a914287badff,14114fcb-c0ba-4243-97f0-66a726de298f,Economy,Checked,256538ee-1e0b-49ce-a080-c38245f7e776,Sophia,Garcia,Online,2025-05-21
e3402eed-e505-49a9-8b27-f3c48b7d3c9b,767ac8b0-dd5a-43cc-a386-170acf210c72,First,CarryOn,e3056ead-3459-4f1a-a59a-2f3b1a0209e7,Emma,Garcia,Online,2025-04-01
4f19f263-32ef-4952-a515-7fb99a69f97e,df6f7ebd-e3e2-494a-8ede-74760cbdc7e7,Business,CarryOn,9675d629-fc2e-415c-af76-80ab7a782458,Benjamin,Lopez,Agent,2025-05-07
a93f1ca8-0921-49df-a232-9b4825c1594a,15d63eae-bb38-4d8a-be13-22f0c6f1a1c4,Economy,CarryOn,c12cacff-30d6-4df7-a20e-76eb47f71e73,Isabella,Martinez,Online,2025-04-20
83639a41-7e23-4771-825c-b64b7c8351d7,e70371ed-92ec-40f8-b910-fcb1f52ff9c0,First,Checked,cc9affed-7718-4828-90d1-0c014f542053,Olivia,Hernandez,Mobile,2025-04-18
e7aa8f84-5af7-4132-b11f-a8c272713cf1,6df1dce3-d325-4fd2-b643-cc4f4748a801,First,None,cf06b039-a5ab-45e3-8f6f-42721b0f28a7,Liam,Martinez,Mobile,2025-03-13
49a92549-7aed-4645-bb13-31fa7a32d36a,b618f886-72f5-4883-9d13-bb996d4f6173,Business,CarryOn,9b573082-f6c3-46be-a9ea-187a3a622956,Noah,Hernandez,Agent,2025-04-24
255bbf03-aaeb-43cc-96ae-9acf99d6121a,a5915040-a3b9-4bb8-8e61-df7e1a689822,Business,CarryOn,8aedd7d3-6f3d-47c0-8954-bb23b34463f4,Charlotte,Lopez,Agent,2025-05-01
3297a7dc-976b-4195-bb41-527f49310676,9b8b3f27-1085-47c7-9ae9-ddbbd2eabef1,First,Checked,f324b274-6aa9-4972-93c9-f2b883026ba7,Liam,Lopez,Agent,2025-04-22
b9be403d-0902-445c-bc70-60a8e1587e3a,a771db9f-62f5-4514-a7c4-8552464e1721,First,CarryOn,d2d697fc-8db7-4300-b835-5a2644ea843c,Sophia,Williams,Online,2025-05-29
58c29d6f-1563-4d2b-9e8c-68ac51eab196,4377eb57-bd52-4f83-9d37-bf49c7ca6060,Business,CarryOn,0267f4e2-1054-4861-a3e5-b8d291b007f8,Liam,Williams,Online,2025-06-03
a61b10d9-deed-4a45-ba59-207c5775c996,a5915040-a3b9-4bb8-8e61-df7e1a689822,Business,None,c89b11ff-5060-4e6c-93c8-58998f938361,Ava,Johnson,Agent,2025-04-26
cc3b7a26-6750-42a3-a79c-bfdc4277b6f3,df6f7ebd-e3e2-494a-8ede-74760cbdc7e7,Economy,None,d47a21cc-4374-4019-a927-47109ae9c591,Mia,Hernandez,Agent,2025-03-26
d05b1c36-55fb-4595-a78e-42670ea781cb,4a03034b-9373-4968-a4da-bd0a5af182a3,Business,CarryOn,ebdd3ac0-5bce-4782-bf91-014c3964c4e8,James,Johnson,Agent,2025-03-10
9be6576d-a11b-43b1-a0cd-295de4c2ff28,d19ed7c8-f236-484c-b7bc-fdada16946f9,Economy,CarryOn,ceb6b1a2-3019-4180-9679-ea31ae590b1c,James,Davis,Online,2025-04-21
95524385-a298-433e-97d8-8b7702a68bca,6df1dce3-d325-4fd2-b643-cc4f4748a801,First,None,4fb61cdc-2834-4861-a752-776794f739d9,Olivia,Garcia,Mobile,2025-05-11
94858bd2-c4ff-4493-89b4-b133b3de2818,c9b9a9f9-fd35-424a-82b2-ccb00b86f0d3,Economy,Checked,acb6a430-c027-42a2-950d-5ca159b5ef04,Benjamin,Davis,Online,2025-05-25
16b48b2b-ba8d-4f5f-bf34-3ebf6aff9703,379844dd-a615-4ab1-95e2-165303c12340,Business,Checked,5c87f06f-6d6e-42b0-ae59-c98c38c82fc2,Liam,Davis,Online,2025-03-16
334473b0-34b5-4c3a-92c0-c2058dbac915,14114fcb-c0ba-4243-97f0-66a726de298f,First,CarryOn,c8404d4b-4499-4fec-bd85-06664eb73c15,Emma,Brown,Agent,2025-04-24
421d6a3f-abcd-4109-8f9e-83effc969c40,d19ed7c8-f236-484c-b7bc-fdada16946f9,First,CarryOn,fefe476f-844a-4464-8107-5cd227fe251b,Ava,Garcia,Agent,2025-06-01
ff4e627e-d2da-4798-84cb-525091616278,c4f58cb3-9732-4746-a12e-20e520f7c42b,Business,None,73ce9bfe-0dbc-4ac2-a3d8-572c1a64d31d,Elijah,Rodriguez,Online,2025-05-05
c3f60ee9-0153-444e-8fe3-2c941ca6824e,4377eb57-bd52-4f83-9d37-bf49c7ca6060,Economy,None,6922759c-d0b0-4df4-b86d-2258cdd24d38,Noah,Rodriguez,Agent,2025-05-08
f73a5832-4099-48b1-beb6-7c6f820deb38,379844dd-a615-4ab1-95e2-165303c12340,Business,Checked,a5ed7871-4761-4d25-b931-9beb727c3f73,Mia,Davis,Agent,2025-05-03
5fe331c0-7bc3-45a5-819b-25e7b0d372bc,82df85e1-acae-4eeb-84de-f20e96af4cd2,First,None,20b69ec5-2d44-447e-9b6c-dc8347e10f21,Benjamin,Rodriguez,Mobile,2025-03-17
82717295-8569-46a1-a31c-5adbb89a33fa,e66cd63a-44ea-492f-884c-d9acdde68aee,Economy,Checked,4294e678-1dfb-415e-90b2-9ce1725d6f1e,Elijah,Davis,Online,2025-05-26
71d2855f-174f-4af2-9a12-64d0ca1b141f,9b8b3f27-1085-47c7-9ae9-ddbbd2eabef1,Economy,None,dedd6410-0a66-48db-8beb-0ad92fb07bae,Ava,Miller,Online,2025-06-07
ec2f2386-360a-493c-9acb-6bb3ddb25050,cb574aaa-41e3-40ae-a63b-2fd102fe6946,Economy,CarryOn,eaf51741-8018-463c-a53c-133810912d4e,Mia,Martinez,Online,2025-04-13
ee9587b5-2c68-4006-952a-a75d0cf54cf6,7d027a32-47f2-4fdd-bb6e-2c7092564a53,Economy,CarryOn,0a92b92f-8056-4cee-8143-0199dfc78f89,Oliver,Rodriguez,Agent,2025-03-17
1a875828-b79a-47f8-b651-429d5774757b,3ab24584-c8ad-45e9-9939-5fdbc393aa04,Economy,CarryOn,05e16bda-14dd-4085-bd2f-62c0f9ac0a5d,Sophia,Rodriguez,Mobile,2025-05-25
2d3f6d97-5a20-4b63-88cf-1a76d0a17f24,fe3b3edd-3dc1-4940-af54-73cce698e475,Economy,None,8324811f-a6c9-484d-a4dc-5a1e6f325e68,Emma,Rodriguez,Agent,2025-06-01
5f83309d-a4b6-4a29-ac95-de6f72bd5667,c7029490-de3c-4496-93c4-401c18c29f3f,Business,None,6e19c52e-9fcf-4128-b208-75167b2c0c8c,Liam,Miller,Agent,2025-03-18
b53e7784-7cb9-4f30-9719-0aa809c595b8,56d69c4c-5752-4512-9385-a51e2aa748bb,Economy,Checked,9451e70f-11c1-413f-a98c-ba94e74373d8,Charlotte,Williams,Online,2025-03-23
9ec1e046-b676-406e-b251-10bdf87ce133,15d63eae-bb38-4d8a-be13-22f0c6f1a1c4,Business,Checked,df2f7d21-3cb8-4ef5-9d2c-35b931ea9265,Liam,Garcia,Mobile,2025-03-15
262eaa51-637d-42d1-b819-4c8781bbf4d2,a5915040-a3b9-4bb8-8e61-df7e1a689822,Economy,Checked,26020519-68ad-4923-9b2d-6ff3cd035141,Benjamin,Johnson,Agent,2025-04-07
251f7864-3711-4d94-afec-28c444c115b4,6b816703-8fae-4e61-bde9-0fc23de8b703,Economy,Checked,86ed237a-4389-432a-968b-c55061b80d76,Isabella,Brown,Agent,2025-04-27
f162e3c1-6095-4a97-bff6-bc2b6b68e3e9,bab578e6-0fec-4b39-8ec9-2fd3ed37f8fc,Business,Checked,42773171-9454-4a51-a53d-b40cf40b043b,William,Hernandez,Agent,2025-06-02
3d7baced-a154-4f48-85b6-b297f95f465f,379844dd-a615-4ab1-95e2-165303c12340,First,CarryOn,199174d1-36e2-4f99-9cfc-e801823d686f,Mia,Rodriguez,Agent,2025-04-14
73f94f84-51f4-47c8-8ae9-9f76f6d4190c,fd5a6338-3243-4025-9bbc-e7462e4ac9b5,Economy,Checked,c5d226f3-64d3-405a-b554-8e1fa5f18832,Elijah,Garcia,Agent,2025-03-18
64e7ca93-c64a-4698-8125-d0335fb11801,9b8b3f27-1085-47c7-9ae9-ddbbd2eabef1,First,CarryOn,0060e451-348b-43c0-a4d2-7a1663a9f378,Sophia,Davis,Agent,2025-04-25
654a91fb-c1db-40a0-b27e-272e056c5217,767ac8b0-dd5a-43cc-a386-170acf210c72,First,Checked,eb1813a3-dc9c-4ae0-9d03-5f605910e725,Elijah,Brown,Mobile,2025-04-25
9237db5a-7b65-4431-852f-d33a9b55d12b,b8d3ade9-3d17-4008-a50b-3971ffa38149,Business,None,d9524999-c932-4aee-bf51-f8df09aa9de7,Ava,Miller,Agent,2025-05-20
2637172a-8a1c-4239-859a-644698717b73,fe3b3edd-3dc1-4940-af54-73cce698e475,First,CarryOn,577f56ba-9d1f-4788-8fb3-10abb4812012,William,Lopez,Agent,2025-06-01
b9b73650-1867-4fbd-9e15-2bd0b7582cd2,15d63eae-bb38-4d8a-be13-22f0c6f1a1c4,Economy,CarryOn,5d2dbcd2-03e2-46b1-8d5f-c022ded73086,Sophia,Williams,Mobile,2025-03-10
a694350c-d14d-4ab9-baf7-fb978121778b,6b38b7e0-bfa4-40b2-aacf-1c275041f376,First,None,21ba17fc-cea3-40e2-91b3-e5dd3461b0e4,Noah,Williams,Online,2025-04-29
